{
  "labels": [
    "NORM",
    "AFIB",
    "STEMI",
    "LBBB",
    "RBBB",
    "1AVB",
    "LVHYP",
    "ISCHEMIA",
    "PAC",
    "PVC",
    "BRADYCARDIA",
    "TACHYCARDIA",
    "HEART_FAILURE",
    "OTHER"
  ],
  "num_samples": 4609,
  "num_classes": 14,
  "thresholds": [
    0.45000000000000007,
    0.9000000000000002,
    0.7500000000000002,
    0.9000000000000002,
    0.9000000000000002,
    0.9000000000000002,
    0.9000000000000002,
    0.6500000000000001,
    0.9000000000000002,
    0.5,
    0.9000000000000002,
    0.9000000000000002,
    0.5,
    0.7500000000000002
  ],
  "per_class_auc": {
    "NORM": 0.9604038250634314,
    "AFIB": 0.9906490544721822,
    "STEMI": 0.9215199794782574,
    "LBBB": 0.99783307152262,
    "RBBB": 0.98473745468864,
    "1AVB": 0.9796791756922898,
    "LVHYP": 0.8816675398765863,
    "ISCHEMIA": 0.9415510266703946,
    "PAC": 0.9948940093104748,
    "PVC": NaN,
    "BRADYCARDIA": 0.9677894040443842,
    "TACHYCARDIA": 0.9927086704786564,
    "HEART_FAILURE": NaN,
    "OTHER": 0.9559586877618058
  },
  "macro_auc": 0.9641159915883102,
  "per_class_f1": {
    "NORM": 0.8435852372583481,
    "AFIB": 0.8980477223427332,
    "STEMI": 0.7223214285714286,
    "LBBB": 0.6292134831460675,
    "RBBB": 0.6599999999999999,
    "1AVB": 0.2967914438502674,
    "LVHYP": 0.4653961885656971,
    "ISCHEMIA": 0.7970179600135547,
    "PAC": 0.13747954173486088,
    "PVC": NaN,
    "BRADYCARDIA": 0.1960352422907489,
    "TACHYCARDIA": 0.7105263157894737,
    "HEART_FAILURE": NaN,
    "OTHER": 0.8999306678992373
  },
  "macro_f1": 0.6046954359552014,
  "per_class_precision": {
    "NORM": 0.8086253369272237,
    "AFIB": 0.8448979591836735,
    "STEMI": 0.7115215479331575,
    "LBBB": 0.4666666666666667,
    "RBBB": 0.49892008639308855,
    "1AVB": 0.1750788643533123,
    "LVHYP": 0.3945578231292517,
    "ISCHEMIA": 0.7741935483870968,
    "PAC": 0.07394366197183098,
    "PVC": 0.0,
    "BRADYCARDIA": 0.10893512851897184,
    "TACHYCARDIA": 0.6,
    "HEART_FAILURE": 0.0,
    "OTHER": 0.9018063918480778
  },
  "per_class_recall": {
    "NORM": 0.881704628949302,
    "AFIB": 0.9583333333333334,
    "STEMI": 0.7334542157751587,
    "LBBB": 0.9655172413793104,
    "RBBB": 0.9746835443037974,
    "1AVB": 0.9736842105263158,
    "LVHYP": 0.5672371638141809,
    "ISCHEMIA": 0.8212290502793296,
    "PAC": 0.9767441860465116,
    "PVC": 0.0,
    "BRADYCARDIA": 0.978021978021978,
    "TACHYCARDIA": 0.8709677419354839,
    "HEART_FAILURE": 0.0,
    "OTHER": 0.8980627306273062
  },
  "overall_accuracy": 0.5014102842265133,
  "hamming_loss": 0.07510150946905124,
  "confusion_matrices": {
    "NORM": [
      [
        2964,
        284
      ],
      [
        161,
        1200
      ]
    ],
    "AFIB": [
      [
        4355,
        38
      ],
      [
        9,
        207
      ]
    ],
    "STEMI": [
      [
        3178,
        328
      ],
      [
        294,
        809
      ]
    ],
    "LBBB": [
      [
        4426,
        96
      ],
      [
        3,
        84
      ]
    ],
    "RBBB": [
      [
        4140,
        232
      ],
      [
        6,
        231
      ]
    ],
    "1AVB": [
      [
        3972,
        523
      ],
      [
        3,
        111
      ]
    ],
    "LVHYP": [
      [
        3844,
        356
      ],
      [
        177,
        232
      ]
    ],
    "ISCHEMIA": [
      [
        2834,
        343
      ],
      [
        256,
        1176
      ]
    ],
    "PAC": [
      [
        4040,
        526
      ],
      [
        1,
        42
      ]
    ],
    "PVC": [
      [
        4609,
        0
      ],
      [
        0,
        0
      ]
    ],
    "BRADYCARDIA": [
      [
        3790,
        728
      ],
      [
        2,
        89
      ]
    ],
    "TACHYCARDIA": [
      [
        4413,
        72
      ],
      [
        16,
        108
      ]
    ],
    "HEART_FAILURE": [
      [
        4609,
        0
      ],
      [
        0,
        0
      ]
    ],
    "OTHER": [
      [
        2229,
        212
      ],
      [
        221,
        1947
      ]
    ]
  },
  "classification_report": "               precision    recall  f1-score   support\n\n         NORM       0.81      0.88      0.84      1361\n         AFIB       0.84      0.96      0.90       216\n        STEMI       0.71      0.73      0.72      1103\n         LBBB       0.47      0.97      0.63        87\n         RBBB       0.50      0.97      0.66       237\n         1AVB       0.18      0.97      0.30       114\n        LVHYP       0.40      0.56      0.47       409\n     ISCHEMIA       0.78      0.82      0.80      1432\n          PAC       0.08      0.98      0.14        43\n          PVC       0.00      0.00      0.00         0\n  BRADYCARDIA       0.11      0.98      0.20        91\n  TACHYCARDIA       0.60      0.87      0.71       124\nHEART_FAILURE       0.00      0.00      0.00         0\n        OTHER       0.90      0.90      0.90      2168\n\n    micro avg       0.63      0.84      0.72      7385\n    macro avg       0.46      0.76      0.52      7385\n weighted avg       0.75      0.84      0.78      7385\n  samples avg       0.73      0.87      0.77      7385\n"
}